{
  "www.gov.com.br-1" : {
    "transaction" : "www.gov.com.br-1",
    "sampleCount" : 300,
    "errorCount" : 0,
    "errorPct" : 0.0,
    "meanResTime" : 5856.0733333333355,
    "medianResTime" : 5492.5,
    "minResTime" : 167.0,
    "maxResTime" : 15475.0,
    "pct1ResTime" : 9855.800000000001,
    "pct2ResTime" : 11007.199999999999,
    "pct3ResTime" : 13240.970000000001,
    "throughput" : 17.530532343832174,
    "receivedKBytesPerSec" : 2883.9743542920587,
    "sentKBytesPerSec" : 2.020119938058786
  },
  "www.correios.com.br" : {
    "transaction" : "www.correios.com.br",
    "sampleCount" : 300,
    "errorCount" : 0,
    "errorPct" : 0.0,
    "meanResTime" : 11079.143333333343,
    "medianResTime" : 10956.0,
    "minResTime" : 3931.0,
    "maxResTime" : 22132.0,
    "pct1ResTime" : 16095.800000000001,
    "pct2ResTime" : 18326.19999999999,
    "pct3ResTime" : 21550.80000000001,
    "throughput" : 13.477694415741947,
    "receivedKBytesPerSec" : 1441.1529290118604,
    "sentKBytesPerSec" : 1.6057409362505053
  },
  "Total" : {
    "transaction" : "Total",
    "sampleCount" : 1200,
    "errorCount" : 0,
    "errorPct" : 0.0,
    "meanResTime" : 6338.866666666668,
    "medianResTime" : 6032.0,
    "minResTime" : 136.0,
    "maxResTime" : 22132.0,
    "pct1ResTime" : 12396.9,
    "pct2ResTime" : 13826.800000000001,
    "pct3ResTime" : 18723.54,
    "throughput" : 52.85179475886369,
    "receivedKBytesPerSec" : 5781.211118145783,
    "sentKBytesPerSec" : 7.535509799603612
  },
  "www.gov.com.br" : {
    "transaction" : "www.gov.com.br",
    "sampleCount" : 300,
    "errorCount" : 0,
    "errorPct" : 0.0,
    "meanResTime" : 7138.2733333333335,
    "medianResTime" : 7048.0,
    "minResTime" : 305.0,
    "maxResTime" : 16134.0,
    "pct1ResTime" : 11043.8,
    "pct2ResTime" : 12256.55,
    "pct3ResTime" : 14115.030000000004,
    "throughput" : 16.45458534444932,
    "receivedKBytesPerSec" : 2720.0464949162188,
    "sentKBytesPerSec" : 3.7119230611013605
  },
  "www.gov.com.br-0" : {
    "transaction" : "www.gov.com.br-0",
    "sampleCount" : 300,
    "errorCount" : 0,
    "errorPct" : 0.0,
    "meanResTime" : 1281.976666666669,
    "medianResTime" : 1099.0,
    "minResTime" : 136.0,
    "maxResTime" : 5153.0,
    "pct1ResTime" : 2237.9000000000033,
    "pct2ResTime" : 2925.749999999999,
    "pct3ResTime" : 4569.960000000001,
    "throughput" : 16.738269262958212,
    "receivedKBytesPerSec" : 13.303273464961224,
    "sentKBytesPerSec" : 1.847094166713162
  }
}